title,selftext,author,subreddit
What are little things you love that women do?,"I've heard things like ""when she paints her nails white,"" ""has tan lines,"" ""plays with your hair,"" etc. What are small things women do that you absolutely love, no matter how obscure they might be?",probablynappingg,AskMen
Why do girls claim they want a guys who‚Äôs packing when most can‚Äôt really handle it?,,x_djdro,AskMen
Men seem to shit themselves a lot. What's up with that?,"I'm sorry but it seems like almost every man I've known has had a story of them shitting themselves. I've never even come close to that happening. I'm sure women wouldn't be excited to share such a story but the women I'm close to agree that they've never even come close as well. They always made it to the toilet even in an emergency. Do men just have more sensitive bowels? 

I also hear stories of guys farting and accidentally shitting themselves. Are you guys okay? Is this strictly a man problem? 

My cousin once shit himself on his way to work and had to call his brother to bring him a change of clothes. That was definitely the worst version of it happening I've ever heard but there are countless others.

The only time I hear of this happening to women is during a certain sexual act. What's up with that?",Waterlou25,AskMen
"What‚Äôs the difference between a deep committed friendship with sex, and a romantic relationship?","Men of reddit, have you ever been in a situation where a genuinely close female friend of yours (5+ years) opened a conversation about sex?

What to you is the difference between a committed friendship (i.e. you‚Äôve agreed you see one other as friends for life) with sex added, and a romantic relationship?",Plant_Lady14573,AskMen
"Men of reddit, what do you do with a T-shirt/pants/sweater that you wear once and is not necessarily dirty enough to be washed but too clean to be put back in the drawer?",I find they end up piling up on my bed until they‚Äôre dirty enough to be washed again....,actuallyfromcanada,AskMen
So guys how did the last fight you were in go?,How did your last fight go did you win how did it go down?,Xtoxiczombie,AskMen
What// Do you still think about all or a few of your ex girls? Wether you were in a close or casual relationship,,itizwatitiz4,AskMen
"Dudes, what makes you approach someone?","You see a hot guy/gal, when/how do you approach them?",Chilibobilly,AskMen
Let's discuss Life Plans; What do you need to stop doing to make space for bigger changes?,,Yasir__,AskMen
How do I prevent my British neighbour from colonising me?,,CardiBFanBoy,AskMen
How easy is it for you to stay platonic to a woman who is your friend?,My definition of platonic is no desires for romance or sex. And she‚Äôs not obviously taken or single. It‚Äôs a mystery.,ProudVancouverite,AskMen
Is it okay to tell your boss you love your job when discussing salary?,,SweatyShirtlessMan,AskMen
Why am I so mean to people but I don't feel bad?,,Aarunascut,AskMen
"When you feel lonely at night, how do you talk to your friends without seeming desperate?","I am a college student, and our campus is currently entirely closed. I have not seen many of my friends in months, and it is starting to wear on me considerably, especially late at night. I have had trouble sleeping for years and do not enjoy being alone with my thoughts after midnight. 

How have you been able to have the same kind of easy, casual conversations with your friends over the phone or by text during these trying times? Any suggestions or anecdotes would be welcome.",KlutzyKeynesian,AskMen
How do I not come off as too eager after the first date?,"M25 just went on a first date with a girl F23. Went to dinner and walked around the city for a bit afterwards and then I left. We hit it off pretty well and we‚Äôre trying to plan a 2nd date around our schedules. 

However, this is where I usually screw things up in the past. I‚Äôve been single for damn near my whole life and I‚Äôm very ready to look to settle down. I don‚Äôt need to get married next month or anything, but want someone to do stuff with, travel with, etc. And hopefully it leads to a relationship. 

So, since I‚Äôve been single for a long time, previous girls I‚Äôve went out with only lasted that one date because whenever I start to like a girl, I want just talk to them all the time. And be with them. But I know that‚Äôs why things didn‚Äôt work out with previous girls. 

And with this girl, I can feel those same bad habits starting to make their way into my thought process. And I really don‚Äôt want to screw this up. I feel like we could go on multiple dates but between this first and 2nd date, I want to make sure I‚Äôm doing it smooth, and don‚Äôt screw things up prematurely. 

Any advice is appreciated!",KansasDude25,AskMen
"Daddies of Reddit, what are you doing with your daughter today?",,Edjelly_daddy,AskMen
I (17F) have been curious: what do guys think of stretch marks on girls?,,ket4663,AskMen
"I have never understood why people eat a*s, what is the appeal?",,DoveGB,AskMen
How many of you men learned game from your fathers?,"How many of you men had your fathers teach you how to be successful with women? For those of you that did, how did that work out for you? For those of you who didn't, where did you go to learn?",ChumpmeisterElite,AskMen
Man to man.. What's stopping you from voting in the Seychelles elections?,,raretrophysix,AskMen
why was my last post removed? It was a legit question,,ndhieiei999,AskMen
"What is a Good, Active Forum for Men?","Good &lt;insert time of day&gt; gentlemen!

I'm looking for (but not finding) a decent, active forum where men can discuss their lives, share information and generally encourage and build each other up.

Google isn't very helpful and I'm not sure where else to look.

Anyone know of such a site?",_SamboNZ_,AskMen
What do you consider a smart investment right now?,,yeuxwbbw,AskMen
What‚Äôs your opinion on being in a relationship with a girl that has a flirty personality?,,12one,AskMen
"Fellas, what would you do if your girlfriend said she didn‚Äôt wanna hang out with you, but saw her at a party later that day?","I‚Äôm 32. My, now ex girlfriend, is 29 and she told me one Saturday ‚ÄúI don‚Äôt think we should hang out all day today. We should do our own thing.‚Äù I replied ‚Äúok cool! Catch you later‚Äù 

A few hours later I stop by our apartment complex pool and there was a massive party going on, music blasting, people playing beer pong and flip cup and guess who‚Äôs right in the middle of it all? My girlfriend, in between like 15 other dudes and a few other girls.

This made me beyond angry. I felt like I got ditched and I was back in college. Like I was dating a 19 year old college girl, not a 29 year old woman. 

Going through the breakup now, and this is one of many events where I felt just, tossed to the side. 

TL;DR I felt like I was ditched and even disrespected by my GF who I saw at a party when She told me she throught we shouldn‚Äôt hang out that day. Would you guys feel the same way?",CascadeN1576,AskMen
How to dance at a wedding?,"Hey fellas. So, my sister‚Äôs wedding is in 2 days. Her dad is a dead beat piece of shit and I‚Äôm to fill in for him in the wedding. I was informed today that there‚Äôs a father daughter dance and she wants me to fill in. I‚Äôm honored, as I love my sister more than anything in the world. We are super close and she‚Äôs always been there for me and I want to be there for her in this emotional moment. I‚Äôm also terrified, as I have NO IDEA what I‚Äôm doing. Any tips would be wonderful.",Openeyedsleep,AskMen
Men of Reddit: what are some of your favorite sad love songs or songs about unrequited love or lust?,,lessocdleslieknope,AskMen
What's your reasoning for not voting?,,Dom-2019,AskMen
Do you like it when your sexual partner says something upon seeing your junk for the very first time?,He (26m) pulled down his pants to show me (23f) and his junk was gorgeous. His penis was prettyand it turned me on a lot. His balls did to. I just covered my mouth so he would know that I was in (good) shock. Now I‚Äôm wondering if I could have said something to besides squealing. I didn‚Äôt know how to react.,Excellent-Attempt204,AskMen
How do you spend more time with the girl you like during a get-together with mutual friends?Also how do you stand out in her eyes during this event?,"About 7-8 people including us will be attending. At first we're gonna have lunch in a restaurant and then we're gonna go to a coffee shop for relaxing during the evening. She asked when was i going and offered to pick me up in her Uber.She was also interested when i indirectly asked her out a few days before. This is the first time we're meeting since March due to the whole Covid situation. We talked a lot during these months. 
She's a straight forward and confident person and never gave me mixed signals.She invited me to her house before the Covid situation a few times and also during. She's the one who mostly initiated conversations with me.

I feel like this get-together would be a chance to spend some more time with her. I'm comfortable around her than anyone. I want to make my intentions with her clearer. So i need a few tips for this.

Thanks!",SammyBoy1999,AskMen
How bad is it to lust heavily towards others while in a relationship?,"I love my girlfriend with all my heart, we both adore each other, our relationship is great and I would never cheat on her and when it comes to our sex life things are generally ok.

My gf generally has a higher sex drive then me, I still enjoy having sex but lots of times I'm just not very horny while doing things with her, but it's still okay. Generally if I'm horny and in the moment it's okay but when she's initiating and I'm not super horny or anything I don't enjoy it very much.

I tell her all the time how cute and beautiful she is and I mean it when I tell her but I don't get feelings of ""wow I wanna fuck her hard"" like I do with other girls I see on the internet or in real life, I lust like that a decent amount. Growing up with the internet I had a bit of a porn addiction but nothing too bad, the problem is there's a decent amount of times where I enjoy myself more jerking off to porn and girls on the Internet more than when doing things with my girlfriend and I hate that I feel this way.

I feel like I'm lying in some form to her whenever we're doing anything, when in the back of my head I lust for other people in a much hornier way and I feel kinda scummy thinking like that, my gf has lost a lot of weight over the years but it was very hard for her and she still has some pudge on her stomach, she's very self conscious about her body but I try to tell her beautiful she is all the time and I mean it, I just don't know if I'm awful for lying to me and her when Im asked if really enjoyed it and if anyone can relate.",SpankwankTbone,AskMen
I‚Äôm turning 20 years old in less than 2 hours what is the best advice can you give me?,,_erik_rojas_,AskMen
"men, do you ever notice how bad women's farts smell?",,ndhieiei999,AskMen
Man to man. What‚Äôs stopping you or has stopped you from voting in the U.S.A. presidential elections?,This will be the 6th presidential election I am eligible to vote in. I have missed only one of the six due to being out of the country at the time. That is what stopped me. I had no idea you could vote while living in a different country at that time. I since have found out I could have. The information that is available now compared to even 8 years ago is quite a leap. There are many other reasons that men haven‚Äôt voted before and I believe people would be I interested in hearing about it,PristineScience8,AskMen
"Men of Reddit, why is it that most men put their friendships on hold when they start dating someone new?","So - I have some very good friends. They stick around. We do dinners. We talk. We play around. We commiserate. A few of them always disappear when they start dating someone new. So much so that you have to actively chase them. They say things like: ‚Äûmy new partner is so important to me, Anyone who I my friend must understand my partner comes first‚Äú, etc. and then the friendship just flips. And then when they move on from the person they were dating suddenly they are back in your life like nothing ever happened. Why do people do that?",Ok_Firefighter_9819,AskMen
What celebrities (alive or dead) would you like to do the following things with?,"Go for a meal with.

Party with.

Read a bedtime story with.",secretsnow00,AskMen
"What do you think when someone (who ISN'T mom or grandma) refers to you as ""cute""?",,Zionuchiha,AskMen
What‚Äôs your vasectomy experience?,"I am young, single, and sure I don‚Äôt want kids. I figure if I get it done now, that when I date somebody it will be a matter of ‚ÄúI can‚Äôt have kids‚Äù vs ‚ÄúI don‚Äôt want kids.‚Äù But I want to know what it‚Äôs really like. What‚Äôs the process to get one like, the recovery process, side affects and down sides. Share your stories!",21OwlCities,AskMen
How can you be less apathetic and care about the things that are really important instead of brushing it off like getting bad grades or getting fired?,,Hey_jason19,AskMen
Guys who have had a FWB relationship- how weird would it be if I texted my ex FWB?,"We met 4 years ago in college in class. I am 25 now. The extent of our relationship was friends with benefits for about a year and a half. Our texts were always far and few in between. Last time I saw him, I had told him I really liked him. He told me he was not ready to be in a relationship and figured I also only wanted a FWB relationship. After that, we never talked again.

That last night , before I confessed that I liked him, I thought he was going to reciprocate the same feelings to me. I got mixed signals from him. When a guy likes me, it's pretty obvious. So too when a guy doesn't like me. He fell in between. One drunken night, he told me he ""loved me."" Maybe, I didn't realize how drunk he was. Another time, he told me he wanted to take me on a real date and go to the movies. That never happened. I guess I was naive and wanted to believe so badly that he liked me.

It's been 2 years since that night and I have not stopped thinking about him. I can't shake the idea that we will are just never going to talk ever again.

He doesn't have social media so I am not sure what he is up to. Should I reach out to him? I don't want to freak him out or sound obsessive. What do ya'll suggest?",flower7701,AskMen
How bad do you lust over other women?,"I love my girlfriend with all my heart, and I would never cheat on her and when it comes to our sex life things are generally ok.

My gf generally has a higher sex drive then me, I still enjoy having sex but lots of times I'm just not very horny while doing things with her, but it's still okay. Generally if I'm horny and in the moment it's okay but when she's initiating and I'm not super horny or anything I don't enjoy it very much.

I tell her all the time how cute and beautiful she is and I mean it when I tell her but I don't get feelings of ""wow I wanna fuck her hard"" like I do with other girls I see on the internet or in real life, I lust like that a decent amount. Growing up with the internet I had a bit of a porn addiction but nothing too bad, the problem is there's a decent amount of times where I enjoy myself more jerking off to porn and girls on the Internet more than when doing things with my girlfriend and I hate that I feel this way.

I feel like I'm lying in some form to her whenever we're doing anything, when in the back of my head I lust for other people in a much hornier way and I feel kinda scummy thinking like that, my gf has lost a lot of weight over the years but it was very hard for her and she still has some pudge on her stomach, she's very self conscious about her body but I try to tell her beautiful she is all the time and I mean it, I just don't know if I'm awful for lying to me and her when Im asked if really enjoyed it and if anyone can relate.",Crash_Bandicool,AskMen
Why do we feel insecure about my hands size?,Since some girls told me they were shorter than average I've felt that insecurity despite knowing it has no link with dick size,jhun7z,AskMen
"How can my parents be involved in my wedding as much as possible, while not being able to attend physically due to COVID (living abroad and lockdown)?","Dear redditors,

I'm getting married this November. Unfortunately, my parents live abroad and cannot attend the wedding due to the corona virus and their lockdown. What can I do to have them attend it as much as possible? I'm already thinking of a live stream.

This is only the official part of the wedding. We have already postponed the big party to 2021, so they can still attend the festive parts then. Delaying the official part of the wedding isn't an option. 

I hope you have some great ideas, as it is a big day for us and their absence leaves a gap for all of us. Thank you very much for your ideas and responses!

(asking for a friend btw. Yeah, legit asking for a friend :-))",fawadk,AskMen
What 2 teams do you want to see in the 2020 World Series?,,WontDelete-Jazzy,AskMen
"Guys who went from pushovers to being able to stand up for yourself, how did that happen?",,ScreamingButtholes,AskMen
How do you tell your girl they're too aggressive?,I'm talking barky.. gets annoyed and riled up at little things. Or are all women just like this?,ki3e,AskMen
Why are all men bad?,,Level_Lavishness2613,AskMen
"I just started dating a woman who‚Äôs politics are very different from mine, but we are super compatible on all other fronts. Men, how and how much do you disagree with your partners before it‚Äôs not worth it?",,PAdogooder,AskMen
Why men cheat?,What are the reasons? Is it true that if you cheated on your wife or girlfriend it means that you love your new girl more than them?,noone20202020,AskMen
What are badass things you can accomplish in life?,"What are things you think are very badass goals to accomplish in life? Like learning MMA, or climbing mount everest?

I'm feeling a bit down, I can't do much in this lockdown. 

I'm thinking about my life goals, and I'm thinking about trying to get a green beret after my university degree. 

But is it that really badass? I get discouraged when I see real world global violence and news etc.",throwawayyy11771100,AskMen
Why are some people jerks when their jerk decision actually gains them nothing ?,"This is in regards to a previous post in this sub about why are self proclaimed nice guys usually not nice guys.  (I don't know how to link subs, and didn't want to highjack that post). It got me thinking about why aren't people just nice/accommodating/supportive by default?

What makes people be a jerk (refuse to help with some small task, not provide info, try and slow a progression, tell you ""no"" when they could say yes with no inconvenience, etc)??",spoda1975,AskMen
why talking to a female makes me horny?,"so i have been talking to this lady for a month. i dreamed of having sex with her last night. just talking to her makes me horny.

am i weird? why is that?",qualityyoucantaste,AskMen
"What do you think is the age after which ""all the good men are taken""?",26F asking while she takes her sweet time to get her life together...,AnalysisParalysisNme,AskMen
Texting for 6 months - how do I know I (23F) have scared him (23F) off?,"Been messaging an old school friend for 6 months after matching on a dating app. Honestly, the best dates I have been on in years! But due to Covid, we‚Äôve only met up 5 times in that period. This week, he organised for us to go to a nice restaurant, and then he drove me home... car was faulty but both just about made it home (to our own houses).

Now here‚Äôs the thing, during these ‚Äòdates‚Äô I feel like I have been very obviously flirting, but he‚Äôs never made a move. I know he isn‚Äôt very experienced with women, so I figured he just needed more time. Well I got home, and he text to say he got home safe, and then I sent the risky text to say I had wanted to kiss him that evening. He replied saying that if it hadn‚Äôt of been for the car, then he would have gone for it. 

Since then he has barely messaged, so now I‚Äôm worried I rushed him still, and he feels pressurised to kiss me next time we see each other. Or perhaps he felt pressured to even say he wanted to kiss me too? 

At the end of the day, what‚Äôll be will be. And if he doesn‚Äôt reply, he‚Äôs not interested enough. I‚Äôm just up and can‚Äôt stop wondering what‚Äôs going on inside his head.",pink_flamingo222,AskMen
"Have you ever been catfished? If so, what was your experience?",,sadlonelygirl_,AskMen
What should you look (out) for when buying your first car?,"Been thinking about buying my first car and I've no clue what to look for since I'm not much of a car guy. I'm not afraid to admit that about myself. 

So here I am to draw on your experience! What are some lesser known things about buying older cars?",MVTYBOI,AskMen
"Have you ever had anxious thoughts about time passing by fast? If so, how did you deal with it?","Im 29 now and it feels like 21 was just a couple of months ago, and thinking about it gives me massive anxiety, I feel like in the blink of an eye I'll be 40, then 50, then 60

I never even really thought about this until I turned 29 a couple of months ago and realized that I'm almost in my 30s",dbd01,AskMen
"As a plumber, what is the best way to clean my fingernails?",,Clemento5,AskMen
Men of reddit have ever been in a situation where you couldn't identify the label of the relationship,"So you end up messing things up , and it's over forever !",hzjjrcx-72,AskMen
"Competitive guys, what drives you to be in that state of mind?",,JamieT0,AskMen
How to tell if a girl is flirty or just being nice..,"The person I see is really nice to me and we have a lot of similar interests, a bit of an age gap.

I'm just wondering how the hell I'm meant to differentiate between her being into me and her just being friendly.. 

I go to class with her so it would be awkward to make a move if she doesn't feel the same....

Thanks!!!",neo-yahtzee27,AskMen
If you were on death row what would you want for your last meal?,,ilikemyface3,AskMen
"What were some red flags that your ex is toxic, but you didn‚Äôt realize until later?",,99571557,AskMen
"A question for men, what's the ideal first date with a woman?",,sadlonelygirl_,AskMen
question from a woman - do men actually like it when their girlfriends come to watch their football/sports games? Or does it put them off?,,elrosie,AskMen
"Fellas, what's the sexiest thing a girl has ever said to you?",,StraightWhiteMale99,AskMen
What's this drinking game called?,"I played this drinking game but I don't know what it's called. 

Basically, it's combining beer pong and flip cup. There's two teams and it's a race for one team to get rid of all their cups.  During the game, one person shoots the ball on the opposite side of the table into the cup. If the ball lands in the cup, your partner has to take that cup, drink the beer, and flip the cup. Then, it's your partners turn and he has to do the same thing. It goes back in forth like this until the first team that gets rid of all their cups through this process wins. 

This game was awesome, but I don't know the name of it.",TheClassicGeneral,AskMen
"Fellow men, what are some good costume ideas for Halloween?",,LordAyeris,AskMen
In what way was your ex toxic but you didn‚Äôt realize until later?,Just saw this in AskWomen and I‚Äôm curious about how/when men realize their ex is toxic/abusive,aurora-td,AskMen
What to do about my ball problem? (Maybe NSFW),"I don‚Äôt know where to post this, tbh. Sorry if it doesn‚Äôt belong.I just hope it goes through. I‚Äôm worried. 

My left brother hurts. My right homie is vibin and chillin whilst my left compadre is trembling at even the smallest amount of pressure. 

I woke up two days ago with a slight pain in my left companion when any amount of pressure was applied. 

It doesn‚Äôt hurt, it just feels like someone is grabbing it and holding lightly and it‚Äôs confusing the heck out of me. There‚Äôs nothing visually different, nor anything different at the touch. 

Have I just slept weirdly or should I be concerned? 

I suppose for some extra information; I‚Äôm only 21 and a little overweight. I‚Äôm not educated at all in regards to my conkers. I do not know anything other than pain = possibly bad.",Dalynia,AskMen
"Married men of this sub who have been into extra-marital affairs, What happened? What triggered the thought? How is your marriage now?",,ygdutt,AskMen
Men of Reddit. How soon is the appropriate time to start talk about moving in together.,"It‚Äôs been a year of dating, going amazing, and he‚Äôs about to resign a 15 month lease. So I‚Äôm waiting to talk about this for 15 more months? Maybe I‚Äôm too zealous.",LLBeanzie,AskMen
"We have all heard about male privilege, What are some female privileges?",,manithedetective,AskMen
"Lads, I want to smell amazing no matter where I go. What are your secret techniques to smelling good all the time?",,tintinreddits,AskMen
What was the dumbest thing you've done when you were a boy?,,YourOwnBiggestFan,AskMen
How does you and your partner's personality work into the attraction/chemistry there is between you two?,,neonroli47,AskMen
"men who have masturbated with cheese graters, how do you treat the wounds after?",,Beneficial-Rise-9262,AskMen
Have you ever felt unwanted/ not needed by everyone and if so how did you deal with it?,,UnwantedJason,AskMen
How do I (M19) explain to my friend (M19) why I hate going to the gym?,"Basically that ^

To start I should probably explain that this guy is like the polar opposite of me, good looking, extroverted, insane sex life, the works - the only thing I think we have in common is liking men üôÑ

I have like a massive fear of going to the gym, I can think of nothing more terrifying (except maybe spiders).

The whole exercising thing isn't my forte, the only reason I lost 2 stone was purely by accident, and exercising in front of people is a big fear (stemming from some real shitty experiences when a kid etc.). I not only lost far but like almost any muscle I had. 

I can barely run or jog without some form of massive worry that everybody else there is judging both my technique, and how shitty my looks are.

And as for any form of weights? That's just as bad - I can barely squat 15 kg. And all I can ever think of is that I somehow used to be able to deadlift 100kg just from like farm work. 

Then to top it all I seem to have some form of SAD which genuinely fucks me up mentally most of winter and start of spring. 

I have literally no idea how to explain this to my guy friend, who is the lost extroverted person I know (that literally deadlift/throw my entire body weight across a room) and is like permenately happy and the polar opposite of me.

The idea of actually saying this in person is like horrifying - I don't want to break his bubble where he can only see the world as some fuckin good place where introverts don't exist - and I'd probably just stutter on every other friggin word... 

I'm sure he'd be proper weirded out if he clocked how much of an introvert I actually am.

Any suggestions?",JayTea001,AskMen
How do you end a friendship with someone who you have feelings for?,,BigMooMoo67,AskMen
How do you end a friendship were you have feelings for the person?,,BigMooMoo67,AskMen
"If you had 97 days to get as fit as you could, what would you do?","I go back on campus in 97 days. I lost 90 lbs, gained 20lbs during rona time, and have 40 more to lose to get to my goal weight. I have no plans to rejoin my gym anytime soon as I don‚Äôt want to risk unnecessary exposure. Any advice is appreciated",sosubservient,AskMen
How to not get so triggered by assholes online?,"If I post something on twitter, and someone replies with something rude, I can feel my blood pressure rise &amp; I get so fucking angry, it takes a long time to calm down and even if I remember it later I get upset again. I do not want to be such a little bitch, especially since it's just the internet and idk any of these people. Do you guys have any advice to get thicker skin? I hate that strangers basically have the power to ruin my day with even the smallest comment of disrespect. Thanks.",ravesmokechill,AskMen
"men who are attracted to their mothers, what turns you on about them?",,Beneficial-Rise-9262,AskMen
How do you end a friendship with someone you have feelings for?,"Early in this year I confessed to my friend that I had feelings for her. She said she too has feelings but we cant go any further then friends due to her religion not allowing her to be with someone who isnt apart of it.

Well a few months after that we kind of drifted apart as she acted colder and colder towards me. Then recently she acts as if nothing happened and all's fine.

Since then every time I talk to her it hurts and makes me feel like shit so I actually want to end this friendship or at the very least take a very long break from it. 

Problem is we supposed to go to prom together but every time I bring it up she acts cold and brushes it off so I'm not even sure if we still going together. I don't want to just end this friendship and leave her hanging like that but I cant keep this friendship going if it makes me feel horrible every time I speak to her now.

So, How do I end this friendship in a good way or should i just wait till after prom?",BigMooMoo67,AskMen
What do you guys think about fights?,"I understand you have to fight when you have to or competitive sports, but I find it disturbing how  street fights can actually result into someone getting permanently injured and people often record it, like it‚Äôs entertainment when you see someone having an extreme injury. What do you guys opinion on them?",dcw125,AskMen
What do most men do that women don‚Äôt know about?,,UnwantedJason,AskMen
What podcasts should we listen to on Spotify?,,Xubty,AskMen
Why do so many men feel it's alright to flirt with a random stranger ?,"Why, you guys just come off as creepy.",Nehaldsouza,AskMen
"Men, when you see a woman from behind that you like the looks of and you walk past her to get a look at her face, what expression are you likely to make if she is not attractive, more attractive than you thought, or older than you thought?",,green-frog-lives,AskMen
Do men like women with breast implants? Why or why not?,,Ill_Energy5373,AskMen
What's one thing you thought you would never get complimented for until you did?,A group of people I just met today and played games with just said that they liked my voice (nornal talking voice). I found it really odd because I've never been complimented for my voice and always thought my voice is bad. So it was weird to get used to the compliment but definitely made my day. What are some of yours?,jimmyjamsjohn,AskMen
Men's fashion is boring and very repetitive in comparison to women's fashion. What changes would you like to bring in it?,,tintinwhiskey,AskMen
"What to do when another guy hates your guts, and has friends that follow his lead?",,CheapOpposite,AskMen
"Guys, if a girl you've never met was to DM your insta trying to shoot their shot, would you find it creepy, and if not how would you want them to do it?","Totally figurative of course.

&amp;#x200B;

Not like im trying to do this exact thing.

&amp;#x200B;

absolutely just a fictional scenario.

&amp;#x200B;

Yup.

&amp;#x200B;

(Helpme)

/s",Fa_Ling,AskMen
"Guys of reddit, what type of lingerie / outfit would you like to see on your SO as a sexy surprise?",,INeedANewAccountBye,AskMen
Do you feel less interested in a woman if she comes on too strong or shows a lot of affection early?,Thanks for your help!,asra_ivey,AskMen
What is the most wholesome thing your SO said/did?,,Rajun_Cajun1,AskMen
How did you learn to stand up for yourself?,,Steakman1,AskMen
"Straight redditors: What do you mean when you say your SO must be ""smart""?","Alright. Here me out. I frequently read posts about what men are looking for in women and the list usually goes like this: ""My ideal gf/wife is absolutely gorgeous, she's funny, smart, outgoing, faithful, feminine, likes to clean/tidy up..."", among other things. And all of it sounds great! I believe I have a good understanding of why men look for these qualities, but the ""smart"" thing always leaves me wondering. You might think ""well, that's pretty self-explanatory, you genius"", but I still wonder what most men mean by that. Are you looking for someone with a master's degree? Someone who speaks multiple languages? Someone who can use a calculator? Someone who knows all the world's capitals? A couple of my friends end up enlisting these things when they talk about a new girl they just met, like: ""Yeah, she's awesome, super hot, funny, she's smart, and likes videogames!"" Like... ok O.o

This stems from the other side of the coin... Posts like ""I love my gf, but she's dumb as a rock."" What do you mean by that?! ""Dumb"" as in doing what? She doesn't know how to make coffee? She doesn't understand sarcasm? She doesn't have a PhD? WHERE DO YOU DRAW THE LINE?",NageleRules,AskMen
How do you handle a situation where a baby disrespects you?,,MrBigHeadsMySoulMate,AskMen
"Right lads, I'm thinking of proposing soon. What clever, sneaky or creative tricks could I use to find out what style/size of ring will go down best?","She's given me a few ideas over the years, but I want to try and get something she'll really love. 

But also, practically, I'll need to get her ring size!? 

(And yes, I know that the ring isn't the important thing and she'd love whatever I got her!)",caiburt,AskMen
"When life is beating the shit out of you and you're really struggling to keep a smile on your face, how do you hold it together and keep pushing forward?",,ThEhIsO8730,AskMen
"Men with Body Dysmorphic Disorder (BDD), how did you learn to love your body?",,throwawac25,AskMen
How can you gain confidence in yourself when you're not good at anything?,,ClutchCityKid06,AskMen
What‚Äôs more important - pretty face or good body?,Do you prefer pretty face/average body or average face/nice body?,cmop467,AskMen
What are you eating for lunch today?,,the_late_pioneer,AskMen
deodorant stains that are long streaks when putting on t shirts?,"hey guys! so i noticed that sometimes when i put on a new t shirt or a freshly laundered t shirt, after i put it on i will have random white streaks along the torso or back or the sides. i am not talking about pit stains or deodoant in the pits it seems to get everywhere. this even also happens when i dont even wear deodorant.

what i assume is happening is that after i shower my pits have wet deodorant on them or when i put on my shirt that deodorant somehow hits the shirt and when i put it on it makes a streak.

&amp;#x200B;

its really annoying cuz then i always have to rub them out or clean them out. what am i doing wrong btw? like does this happen to any of you? i assume its deodorant nothing else makes sense and if so i guess my plan of action is to

1. properly wash with body soap my pits to remove anything. 
2. put on shirt
3. now apply deodorant

rather then applying deodorant first and then shirt

&amp;#x200B;

hope that makes sense

thx",rpelich,AskMen
How do you smell nice everyday and look fresh?,"Especially those guys in sales or customer service, they always look hella fresh and smell nice too. if you‚Äôre one of those, please tell me how do you do that.",subaz08,AskMen
Can I get an honest opinion of what men think of the cute innocent type?,"I promise I‚Äôm not ‚Äúpretending‚Äù that‚Äôs just really who I am...a little naive and oblivious. Trying to work on that.......BUT anyways I have found the following: 
1. Men find it cute and attractive
2. Women who hate me for it but also like me at same time. 
I feel it‚Äôs so easy to judge or misunderstand this type of personality.",Candid_Cupcake22,AskMen
How can I help my guy feel better from work related stress?,"He has been super stressed out from work lately and I am trying to think of ways to make him feel better. What are some do's and don'ts? Some ideas I had in mind are: cooking him his fav dinner, taking a short road trip, watching a funny movie, sharing some stress management tips that worked for me, etc",FederalOpposite1,AskMen
How can I be a better disciplinarian to myself?,,chotaloda,AskMen
How do I stop thinking about females?,Hey I‚Äôm a smart guy or whatever. Studying for mcat currently to enter medical school and I‚Äôm in a cardio major ( chair of one of the department). Just wanted to give some info. But I just want to stop worrying about females I‚Äôm actually tired of the heart break and pain and pointless games. So successful men what did you guys do? How do you get over everything and just focus on your career .,lonelykingT,AskMen
Why is r/askmen more accepting of questions then r/askwomen?,I'm banned on r/askwomen and I dont remember why,zeek1999,AskMen
Which fictional character would you like to spend some time with?,"So anybody from a movie, book, graphic novels, manga, anime, tv etc. This can also be a historical figure being portrayed in a movie, such as Robin Williams as TDR in Night of the Museum.",boyfromyesterday,AskMen
How does misogyny affect you?,"I was thinking recently and realized how crappy men have ruined certain things for everyone. For example, it took me a while to get over my frustration of how uninterested women try way too hard to be nice when rejecting me, but I also remembered that some men are quick to retaliate by getting angry and slut shaming them when rejected. This is one of the little things, but I'd love to hear your guys' answers since there could be an interesting discussion!",formerlyknownasarjun,AskMen
Gentlemen of reddit how do I control my jealousy? I don‚Äôt want to ruin anymore relationships.,What helped you? Are there mental exercises to work these thoughts out? Or are these things just deeper rooted?,Com_Fox,AskMen
When would you say is the perfect time to have sex whilst dating?,"Ok so as a woman I‚Äôve always wondered how men feel about this subject.. at what point would  you say is an acceptable amount of dates etc etc where you would have sex with a woman and still see her as relationship material? And not just a sexual companion? And how long does it normally take you to feel like the dating will turn into a relationship? 

If your answer to the original question was for example 10 dates, would that number be lowered if you spoke on the phone everyday with the person you are dating?

Sorry for waffling just always been curious lol",panicattackcity91,AskMen
"What are some ""obvious"" hints form girls that you didnt catch up on?",,gamer1by1,AskMen
How am I supposed to initiate a ‚Äúspecial massage‚Äù? Is there some code or secret hand shake?,,Smitty_Werbnjagr,AskMen
How do men show love and appreciation?,"I am happily married to the most amazing and perfect individual I‚Äôve ever met. I try to let him know I feel that way every day. As a woman, I‚Äôm very physical and verbal with my love and appreciation. If he looks good, I tell him. If I‚Äôm thankful, I tell him. 

Men are not that way typically. So what I perceive as affirmation of doing well is not how he shows it and I miss the mark. How do men express love and appreciation?",Little_Messiah,AskMen
Do guys really like when a girl wears mascara?,"I have really bad sensitive eyes which means I can't wear any eye makeup at all. Even girls who dont wear a lot of makeup always wear mascara coz we think its the product that makes the biggest difference to our appearance

I guess my question is do guys care if a girl isn't wearing any, do you think it makes her eyes boring? it really upsets me that I can't wear it :( My eyelashes r pretty long but dont stand out or look nowhere near as nice as the girls who do",Winter-Garden,AskMen
"Hey gents, I was never taught how to choose a woman properly. What are some basic criteria that you guys use to evaluate/vet the woman before you deal with her?",Any opinion and criticism is much appreciated I have a lot to learn.,foilster1,AskMen
"Men who hookup a lot, how do you initiate sex with someone you‚Äôve never had sex with?",,LotusRepublic,AskMen
How do you start caring about the well-being of your future self?,,Hey_jason19,AskMen
Which would you rather your wife prioritize and cherish: Her relationship with you or with your kids?,,teyyeyhey,AskMen
What to do when ppl try to sabotage a love chance?,"Dear dudes, I met a girl who just rocked out my world. Had the most amazing date of my life and managed to have a second. There is a bit of an age gap (I am on the young side) so I was happy and felt lucky for her just to agree to go out with me a second time.

However, one acquaintance in common, whenever sees us together in our common places brings up or asks me about girls which just happen to be my friends and I was occasionally seen taking coffee or something like that.

To this point it feels like this person does not want to give me a fair shot with the girl and the situation is kinda getting out of hands since I don't like to justify myself when I am just saying the truth -like not man, she is just a friend-, but I happen to be terribly worried of her having a bad image of me since I do care this time.

Example: On the first date was like hey! why do they mention about this girl? Do you have something with her?. Ofc I explained just friends, but ppl keep pulling that one out in front of her.",melonwithmelon,AskMen
"Men of reddit, What childish thing do you still enjoy?",,massloss33poopface,AskMen
Out of curiosity- how many of you have actually tasted your own cum,Jus wondering bc if I was a dude I'd totally have to know what it tastes like,milksop_muppet,AskMen
Any tips on getting my boyfriend to stop putting himself down about his weight and intelligence?,,[deleted],AskMen
Men of Reddit..What makes a bad blowjob?,(18F) and i‚Äôm giving my first blowjob tomorrow.I just want to know what to avoid.,killadelphia_log,AskMen
"Guys with small feet, what are your recommendations for high quality no-show socks? Typical 6-12 size socks run a bit big so looking for something that runs smaller.",I‚Äôm a size 7 shoe and I find it difficult to find (black) no-show socks that fit my foot; I typically end up with 0.5-1 inch of extra room in the front of the sock which will ride up and then the ‚Äúheel‚Äù part of the sock will end up being up by my ankle. Any recommendations for high quality no-show socks that run small? I‚Äôve tried the standard woman‚Äôs size socks but those end up being to small.,jac962,AskMen
How do you move on from a crush but you see that crush every day at school?,For the betterment of  me I know I have to end this crush but it just won‚Äôt stop.,GHOST1MERP,AskMen
"Men, where can I get smart/interesting/good quality S or XS sized hoodies?","Girl here. I love wearing men's hoodies. Don't got a dude but I like to to buy em myself from the men's section anytime I'm shopping for myself. 

I'm in SEVERE need of new work attire, could ya'll pls pls pls recommend?",SumbissiveMerlot,AskMen
Why is it that every time I get in a relationship with a woman they treat me well for the first 2-3 months then they start disrespecting me and treating me like shit?,,foilster1,AskMen
"Do you differentiate between cute, beautiful, gorgeous, hot, and other attractiveness descriptor terms. If so, what do they mean to you?","I envision a different kind of person fitting the word cute as opposed to beautiful. Cute to me involves size (height primarily) and facial features like dimples. Beautiful is a more overarching term generally associated with the face. Gorgeous is facial and body, and hot is primarily physical shape. I feel that these terms while similar and often applicable as a group can  also be exclusive. A woman can be gorgeous but super tall, so imo not fitting the word cute. Do you draw similar distinctions between beauty descriptors and if so, what do they mean to you?",shewstepper,AskMen
Why do my boyfriend and male friends think that not wearing a shirt under a sweatshirt/sweater is weird?,"My boyfriend always says it‚Äôs weird that I put on my sweatshirts and sweaters with nothing underneath, do all men (or maybe everyone?) just wear tshirts under everything? I‚Äôm curious what the internet has to say",sadballoon26,AskMen
"I keep hearing about how, ""SJW's"" are a small minority despite the fact that the vast majority of people on the left who use the internet fit someone's standard for what an ""SJW"" is. Can I have some proof that, ""SJW's"" are a small minority?",,Receiver527,AskMen
Black guy with small dick and girls automatically expect you to have a monster down there . It‚Äôs harder for us than other race out there man . Any black guys here with thesame problem and how do you deal it ? .,,dkinx,AskMen
What realization did you have as a kid that made you feel ripped off about adulthood?,Mine was the realization that graduating kindergarten wasn't the end of school. Took my parents a while to get 5 year old me out of that bad mood on the drive home and convince me that I would still be going until i was 17. I still have a photo of me glowering in the back seat with my graduation cap on.,YYCchatterbox,AskMen
What realization did you have as a kid that made you feel ripped off about adulthood.,Mine was the realization that graduating kindergarten wasn't the end of school for me. Took my parents a while to get 5 year old me out of that bad mood on the drive home.,YYCchatterbox,AskMen
Men of Reddit ? How do you feel when your girl is more nurturing than you ?,,illusion_believe,AskMen
"What are the best health supplements to take at any point in your life? (i.e. Fiber powder, vitamin gummies, Cherry Tart Pills, etc.)",,Mixter15,AskMen
"Fellow men, what are your dating rules?","Hey there, fellow men!

I've been talking with my mates and we seem to differ quite a bit on this topic. 

What are your thoughts?",Shorts-are-comfy,AskMen
Men of reddit how did you feel when you could not express your sadness,,massloss33poopface,AskMen
"In what ways was your ex toxic, but you didn't realize until much later?",,poopypooperyeah,AskMen
"Men, would you rather have penis sized nipples or a nipple sized penis? Why?",,EmbarrassedZebra,AskMen
Why disappear on a girl you pursued first?,"And if the answer were because you were already in a relationship, why did you even bother to pursue in the first place?",SincerelyStamped,AskMen
How did your best friend become your best friend?,"I know that guys bond differently, some through sports, others through games and even because of an ex girlfriend in common. 

I have always liked hearing the stories of how men befriend other men, because it shows our more human ""bro"" side. So, here it is. Share your BROMANCE with us!",Unintended_A55hole,AskMen
Why do the self-proclaimed nice guys always turn out to be the worst?,,99571557,AskMen
Real question: what‚Äôs up with men and just staring at women?,"I find guys who I think are attracted to me just staring and overall awkward and distant..........
It always happens to guys I think are attracted to me (or maybe they hate me lol it‚Äôs either of those 2 extremes). They don‚Äôt approach me but are very good at talking to other women and hang out with them BUT gut says they think I‚Äôm pretty and are interested.",Candid_Cupcake22,AskMen
How often do you contact your significant other?,"Hey guys. I have been \[37/F\] with my BF \[41/M\] since May of last year. We hit it off wonderfully from the beginning, but as months went on, he doesn't call/text me as much as he used it. I get that those things slow down, but there are plenty of time where if I don't reach out to him, I probably wouldn't hear from him for a few days.

He does work full time and has 3 teens at home also, full time. I have shared custody of my kiddo. Maybe I am just feeling needy? I have brought this up to him in the past and he just gets annoyed. I try and send flirty texts or memes and I get responses like, ""yep"" or ""nice"". He doesn't express himself all too well, and I am still trying to maneuver/accept that.",Kiddmenow,AskMen
"Fellows. I guess I‚Äôm generally speaking to the men who are in the latter stages of their life. At what period of your life did the tears try their hardest to appear? Be it from happiness or sadness, circumstantial or are we all going to have common grounds of outward emotion?",,AdonisCarbonado,AskMen
Men living with long-term partners; How long does it take you to devolve into a messy man-child when your S.O is away?,"My girlfriend and I have been living together for 4 years now, just the two of us. We keep the place pretty tidy, cook fairly decent and healthy meals, food shop, read books etc. General adult stuff.

She is currently away visiting her family. The flat is a mess, I've eaten almost nothing but junk food/takeaway and binge watched so much Netflix. The dinner table has been turned into a makeshift work bench. Yesterday my dinner was leftover takeaway pizza and I went to a supermarket solely for beer and cereal.

It's been just over a week.",GodtheBartender,AskMen
Why doesn‚Äôt my boyfriend care about my pleasure?,"Hi guys, I have a bit of a predicament and I was hoping you could help me.

I (23F) have been dating my bf (33M) for about 2 1/2 years now. He is the most loving, giving, affectionate man in every aspect besides sex.  I know that he loves having sex with me..but he only wants to have sex like once a week..barely.  For instance the last time we had sex was over two weeks ago, and then I got my period. Towards the end of my period I gave him a REALLY good blow job. Last night, I was joking around and said how horny I was bc we hadn‚Äôt had sex in two weeks..he turned and looked at me and said, ‚Äúyes we did, you gave me a bj a few days ago‚Äù !!!!!

The main problem is that he never ever goes down on me or fingers me beyond like shoving his fingers in me to get me ready for sex.  During sex it‚Äôs like he forgets that I need my clit stimulated so the only time I cum is when I‚Äôm on top. I was insecure about this for a long time that maybe I taste bad or something, but it can‚Äôt be because my ex‚Äôs before would beg me to sit on their face. And I would cum in every single position. My bf is older than me and more dominant so when I do try and tell him what to do, I feel like it‚Äôs a turn off for him. 

Anytime I bring this up to him it‚Äôs like a blow to his ego. I try not bringing it up and try things like, dressing up sexy which I did two nights ago. We even bought rope and some cuffs to play with and haven‚Äôt even opened it yet. That was 2 months ago. But nothing seems to work. At the end of the day this leaves me feeling incredibly worthless and like he doesn‚Äôt care about my pleasure. Is he clueless? Insecure? Hates me? Lol pls help.  We are very serious about each other and he wants to propose.",Daisyrain222,AskMen
What is feminine charm and sensuality to you? What does it look like to you in its boldest form or its everyday form?,"Just curious. Also, do you come across it often? Is it a lost art?",ameerahhhh,AskMen
"Why do low effort meme like ""when girl cry vs when men cry"" are still up ?","I can warp my head around it. 
They depreciate women and men and are so pointlessly gendered.",Souris-Feroce,AskMen
"Men of Reddit, what is one thing you wish you knew about getting older when you were in your twenties?",,stanley9528,AskMen
What is your passion and how did you find it?,"I've yet to find mine, let's hear yours! And also, what did you do to make it a real thing?",Aluminiumhydroxide,AskMen
"Men of Reddit who started losing their early in life, how did you deal with this personal tragedy?",,stanley9528,AskMen
"Well endowed men of Reddit, was puberty a shock?","Being an average man myself, puberty was very gradual. I didn‚Äôt notice changes as they were happening and really, had I not know what to expect, I probably never would‚Äôve seen a difference in size specially unless I had before and after pictures. My question is, with how much you obviously grew from before puberty till now, were there days when you woke up noticing that you penis had grown significantly. Were you shocked by the growth rate? Or conversely, were there ever times it didn‚Äôt seem to be growing at all and you were worried it‚Äôd stop there and one day it just had the nice surprise of realizing you grew to the size you know and love today?",ryanallunder,AskMen
What's some gym etiquette that I should know?,"I've never worked out in my life but I'm getting more and more interested in it. I know people always say that you should just go, and no one is looking at you, and that's great but what's some common gym etiquette that I should know? I don't want to break any unwritten rules of the gym.

Thanks everyone!",bigcleb,AskMen
"Men who feel touch starved, what do you do when you feel that way?","Men who feel touch starved, what do you do when you feel that way?",gymfriendlygymdude,AskMen
How do you deal with your girl when she is on her period?,"My gf becomes an absolute monster when she is on her period.  Nothing I can say or do makes it feel any better.  I just know for basically 3-5 days of the month, I have to live with a monster.  How do you cope, fellas?",BlizzCo,AskMen
What do you say when you're talking dirty in bed?,Genuinely curious about what things you guys say to your partners when you're having sex. I've always been more moans and grunts but want to ramp up my dirty talk.,ecneicsnoc_97,AskMen
What makes you still have feelings for a girl even after 1 year of not contacting?,What makes you still have feelings for a girl even after 1 year of not contacting?,aceit1998,AskMen
What vitamins and supplements do YOU take for energy / focus?,,Jimmy62009,AskMen
"Dear men of reddit, what if 2020 is just a prelude to 2021?",,asianslovewhite,AskMen
What is something you look in a woman most men don't?,,Akis127,AskMen
Men of Reddit: Does it turn you on when a girl tells you she likes you even if you don't see her as more than a friend?,Would the opposite be true? Would it be a turn off/creepy if you find out a random girl has been crushing on you without ever meeting you/initiating contact/trying to establish themselves as a friend first/etc?,MiserablePublic18,AskMen
"Men of Reddit, what‚Äôs your hype song?",You know the one. Your favourite one to listen to before a first date or big presentation. The one you listen to when you need to feel on top of the world.,wanttotradebrains,AskMen
Why don't guys include their pronouns on social media bios?,"Honest question, not a secret postmodern cultural Marxist here to steal your testosterone.


Almost every cisgender woman I know has recently added ""she/her"" to their social media bios. I understand why that movement is taking place  for people who may be misgendered/""clocked"", but it seems a bit redundant for most cisgender people and it's seems to be purely a solidarity thing.



But **zero** guys I know have done the same. Most people I know support that whole movement, but none have considered proactively sharing their pronouns.


Why is that?

Does the thought just not cross the mind? 

Do we just not think it matters?


I'm curious!


My pet theory is that guys know damn well no-one is looking at our Instagram pages anyway except our mothers.",Tundur,AskMen
"With some women thinking all men are sexist rapists, what insults have you heard that is all about being a man and not who you are as a person?",,Ste3e,AskMen
"Men that have been in a relationship for over two years, how often are yoy guys getting ""intimate""","To give you guys some context I'm a pretty young guy (23) that's only been in two relationships including the one I'm in currently, the last one didn't end so well as I found out she was a cheat towards the end which really messed with my head for awhile and my outlook on relationships, fast forward and id say im pretty happy most days, but I can't help but think about when we first got together and were getting intimate left and right, now a days its maybe 2-3 times a month if even, I mean I know things slow down over time and she's even explained that over time she felt less of a desire to do it all the time but its starting to mess with me mentally and quite frankly the whole relationships in general, any advice would be really appreciated.",Jakeman1108,AskMen
"Men that have been dating the same women for over two years, how often do you get ""intimate""","To give you guys some context I'm a pretty young guy (23) that's only been in two relationships including the one I'm in currently, the last one didn't end so well as I found out she was a cheat towards the end which really messed with my head for awhile and my outlook on relationships, fast forward and id say im pretty happy most days, but I can't help but think about when we first got together and were getting intimate left and right, now a days its maybe 2-3 times a month if even, I mean I know things slow down over time and she's even explained that over time she felt less of a desire to do it all the time but its starting to mess with me mentally and quite frankly the whole relationships in general, any advice would be really appreciated.",Jakeman1108,AskMen
What is the best way to approach a women?,,TrendyStu,AskMen
How would you react to your wife getting a happy ending massage?,"I did not plan it, but it happened. In the moment I encouraged it, enjoyed it, and would do it again.

I feel like I should tell me husband, but not sure how he will react.

Men ... how would you?",dana_sun,AskMen
How do you comfort someone who has lost a parent?,"My (21, M) grandpa (on mom's side) died today of Covid-19. So naturally my mom's devastated. How do I comfort my mom?",CynicalWoof9,AskMen
How to deal with the fact that I will never stop wanting to date every girl I see on the street even though I have an awesome girl with me?,,Al7123,AskMen
How do you get over always needing to be right in a conversation?,,webtrauma,AskMen
When did Men become so soft?,"Ask a question on here about what other men find sexy/attractive about what women wear day to day, and get called a creeper and a mod locks my post and says it not even a question... 
Come on!?

Wasn't telling anyone to talk about their desires,  or to post about their stalking habits or sexual assault record.. ffs.
Madness. 

Just asked ""men"" what they find attractive/sexy that women wear just on a normal day to day basis.
Things that catch their eye. 
And shared mine. Which was tops that are short enough to show that lower back, waist and lower belly when they move/crop tops. 
Obviously that's to much detail, put me on a register! 

Harmless man chat... 


Deleted the post because it wasn't going to go anywhere after it was locked.

Are men really this soft now?
Can't even talk about what women wear or what we find attractive? 
Doesn't mean we are a danger to women because we can talk about attraction and what we find attractive!! 

Absolutely unbelievable. 

I am getting married in 2021, I may have even been indirectly talking about my own beautiful lady, and just posed it as a question for others to answer.
Oh yeah I am a total creeper. 

PC culture and SJW, feminist CRAP has ruined everything.

Men can still be men and talk about women and sex and attraction, Men can still be ""blokes"", and men can be ""hard men"" and still care about women and look after women and care about their rights.
And also be able to show their own emotions too. 

I love women, think they are absolutely amazing humans, without them we'd be totally done for.
And I am straight find women attractive too. 
Is that a crime? 

And I won't get called a creeper for talking about that. Pathetic.",Project_Greg,AskMen
"Something I find incredibly sexy is when a woman with a good body, wears a top slightly too small, so when she moves it shows her lower back, lower belly and waist, obviously crop tops are even better as they do that permanently.","What day to day women's wardrobe habits catch your eye the most? 

Of course the shortest shorts of all kinds, leggings, summer dresses, evening dresses, skirts and vest tops are all a glorious sight and really sexy on the right women with the right figure, but as my title suggests, that short top/crop top little peak and tease seems to always catch my eye differently!",Project_Greg,AskMen
How can I talk about the positive and negative things about someone?,"Long story short, close friend of mine is hitting up therapy, and they asked him to get some people to email them lists of positive and negative things about them, that we know of.

Now, thing is, I've known him since we were kiddos, and I could probably have a nice conversation \*about\* him for ages, but when it comes to directly thinking about it and writing it down, my mind blanks. Like, I can't think about this in such a way.

Basically what I want to ask is for a little help out here. Prompt me for points to flesh out, perhaps all I need is a little starting boost before I'm able to ramble out here. Cheers very much!",dylandongle,AskMen
"Since (allegedly) all men do it, when was the last time you picked your nose and ate it?",,jradio610,AskMen
"Under what circumstances would you fuck someone for ten years , but never consider dating them ?",,realsweetheart,AskMen
Which BODY TYPE do men typically prefer out of these 2 models?,"Just out of curiosity what body type do men on average prefer.

Both of these girls are models,
Obviously 1 is plus size and the other is a runway.

So out of curiousity what body type do you prefer out of these two models


Model 1

https://www.flickr.com/photos/184551693@N07/50487341368/in/dateposted/



Model 2

https://www.flickr.com/photos/184551693@N07/50488197702/in/dateposted/",Climate_Available,AskMen
How common is it for men not to be interested in sports?,"I have a few male friends and every day, they talk about Soccer (European Football) and Rugby. Meanwhile I could care less.",orexinbaby,AskMen
"Athlete dudes who failed to turn pro - How did you cope with the fact that you never turned pro? Follow up question, were you ever friends with someone who recently turned pro or have turned pro?",,Silentrift24,AskMen
What is your preference on pubic hair?,"I‚Äôm (23F) very curious to see what men prefer or if they even have a preference as far as pubic hair goes. If you choose to answer, including your age would be great.",avasgiantpeach_,AskMen
What's the country you've never been to before you really want to visit?,I really want to go to Kenya it seems pretty chill and the people there speak English so there wouldn't be a language barrier.,ilikemyface3,AskMen
How can one feel less lonely when they are single?,"I'm 29 and been the undisputed king of singledom forever. My self-esteem is totally dependent on being in a relationship or being intimate with someone. And I don't see the chances of happening either any time soon.


How can I cope up with this loneliness?",saultaw92,AskMen
Am not sure how i feel anymore,"
Am in the late thirties, not soft in real life by any mean and here is a part of me i want to share with u. 

Its started 9 years ago. I met her in a bar were she was working. I couldn‚Äôt take my eyes off here. Asked her out and later she handed over her number and then we started dating. 

We spent together 1.5 years. I loved her so much. I knew back then it was the one, you know the one love comes in ur life only once. I was getting stomach butterflies every time i was seeing her. I have done things in my life i never thought i would ever do because of her. The problem is, she was so pretty. I mean very pretty to the point anyone sees her they can‚Äôt stop complementing her beauty. That includes women too. 
Tbh it was exhausting, i mean i start to get jealous. And she was the kinds of flirty person. I remember She opened up to me one night while we were drunk and said that‚Äôs part of her culture and this how women keep the man interested. But it was too much for me as it affected my trust in her at some point. 

During the time we were together i declared to her how am serious about us. I let her meet my sister as she was living in a nearby city(we both expats).  I talked with her about parenting and how much i really love kids and i wish they look like her. I did everything i could to make her happy. And i mean literary everything i could from time/care/traveling/money/etc. things were going normal with ups and downs like any relationship. 

One day my work asked me to go on a business trip for 3 months. Deep down i know that it will be a very difficult time specially after the last few weeks as she lost her job and she wasn‚Äôt sure about what she want do for living. 

So i left and we were texting/talking like almost everyday. Exactly after 2 weeks i called her and i was checking how she feels because she was so down looking for a job and failing in a lot of interviews, then she said she is with her friend and she will go to sleep because she is so tired. For some reason i called again later that night and when she answered she said she is with some people in car and going somewhere to party. At that time she had no money (i gave her some and rented a place for her) and she was suppose to prepare for an interview the next day. 

That was the moment i realized that she can‚Äôt take responsibilities. I felt i was caring too much. I was giving too much without much in return. I know this is how most people describe love but I didn‚Äôt really feel i was fair to myself. If she didn‚Äôt care about herself then what am doing then. So i broke up with her at that call. 

My birthday was exactly after 1 week from that call. I was hoping from the bottom of my heart that things gets better. She texted me: MYNAME! 
That‚Äôs it. And i never heard from her again or saw single text. 

I won‚Äôt lie to you. It broke me to pieces although it was my decision. I lost a piece of me back then. She left and took something with her that after all this years am not able to get back. 

I tried to make my self busy. Tried to learn how to play music and it didn‚Äôt work out. Then i started doing photography and i realized everyone is telling me that my pictures are great and different and i should consider photography as a thing in my life. From there i learned how to do it professionally and i became one of the best photographer in town(glamour and beauty). I met a lot of beautiful/hot girls. I went to parties and i had a lot of connections easily. Photography was a way for me to sink myself into a new life. I didn‚Äôt do it as a full time job although everyone was telling me to. But i didn‚Äôt want to sacrifice my career (i have a decent one) and i kept it as a hobby and enjoyment of making something beautiful. 

During that period i had an open relationship with someone. We agreed that it‚Äôs just a casual thing and i made myself clear that am not looking for anything serious or a relationship. She agreed and It went ok for a year and unfortunately the girl has developed emotion during that period and she start to make future plans for us so i decided to end it before it gets even worth as I didn‚Äôt want to hurt her(although i know i did). I didn‚Äôt feel anything towards her. I felt like am dead inside with every girl i met over the years. I was even usually  using alcohol (I couldn‚Äôt with it) whenever am spending a night with anyone to enjoy my time and feel good. 

I decided i will stop photography and all these relationship thing and focus about my work. I became less social. I lost some of my friends as i don‚Äôt party anymore. And the other ones either left the country or moved to another city(yeah welcome to the expat‚Äôs life, sucks).  I don‚Äôt enjoy the booz anymore (u know signs of getting old). And things went super quit in my life. 

Till one day 2 years back i got a very long message from my ex (first one i talked about) mentioning how grateful she is towards everything i did for her and how she admires every moment we spent together from anger to true love and in conclusion she wanted to thank me for everything things i did for her and apologize if she ever did hurt me. 

Tbh the moment i got the message i though i would react differently but i was ok. Seems that i was over her! or i forgot about her! or my mind couldn‚Äôt process it! Tbh am not really sure. Anyhow i texted her back thanking her and ask if she still in town we might go for a coffee as it‚Äôs been so many years. And her answer confused me till today: she said that she don‚Äôt think it‚Äôs a good idea plus she is in a relationship and she doesn‚Äôt want to tell her boyfriend that she is going to meet her ex for a coffee. I replied i understand and take care. 

I know it‚Äôs really a very long rant and i know a lot of people might not understand and feel it the same way i do as there is so many to say and tell in between but that would be too long for a post on Reddit. But i have been going through my past in the last few months (thanks covid)trying to sort my thoughts and see the mistakes i have done in my life so i don‚Äôt repeat them or at least i reach to a point to know how i can make my life better and happier. 

My ex image extensively is been hunting me recently and every time it comes up i really don‚Äôt know where its coming from. And the message i got from her 2 years back keep raising questions i have no answer for. Did she mean anything by that? Am i still doomed and living in her memories and the past? Why her profile pic is still the pic i took 8 years back ? Can i get the old me again please? I miss feeling things the way they used to feel. 

Please forgive me, first for my English as its not my main language and second for this long post.  I really needed to get this out of my chest. I couldn‚Äôt tell this to the people i know. And I couldn‚Äôt even post this from my real account. I hope a word from someone here might heal a wound I couldn‚Äôt fix over the years or might let me see something am not able to see.",amNotMeAnymore,AskMen
"Single guys of reddit, how do you stop your room smelling like dude?",,longthinandgoofy,AskMen
"Men who last in bed longer than 20 minutes, how do you feel the whole time?","Guys who can keep at it for 20+ minutes I'm curious, when doing strokes - do you feel super good the whole time, or do you feel not much majority of the time until you end up finishing?

Also do you have to stop/start at all?",TruthBeToldLol,AskMen
What‚Äôs a physical feature of yourself that you like the most?,"What‚Äôs a physical feature that makes you feel handsome, sexy, manly and all that good shit?",ImKimK,AskMen
How do you make yourself care?,,Bagelman263,AskMen
"Guys who prefer Xhamster as opposed to other sites, why?",,snowbunnyhunter01,AskMen
How can I stop criticizing my looks when I look in the mirror?,,NotJeffreyEpstein420,AskMen
"Men who have taken finasteride (Propecia), what has been your experience on the drug?",,orexinbaby,AskMen
What's the proudest thing you've ever built?,"Whether it be a cool app or programming code, fun gaming mod, a deck outside your home. Maybe it was your first, maybe it was your objective best... 

What project  are you most proud to say ""I built that.""",ModsAreSensitiveee,AskMen
"Men of Reddit, how to give a quick shoutout to Cristina Applegate?",,ajejejebrazocrew,AskMen
I have a fantasy I wanted to try out with my boyfriend. How can I make this more interesting?,"I just stocked up on Polaroid film and I was thinking of documenting our sex starting from pictures of us kissing to the end. I can take pictures, he can take pictures I just thought it would be fun for us both. Does this sound like fun to a guy?! Any suggestions?",girlwstruggles,AskMen
"When you stop seeing a girl and then message after a few months of no contact, what are you expecting?","So I really wanted an ex back for about a month.  Would've bent over backwards for him but he wasnt interested.  

Now that its 4 months later and i'm over it, hes messaging and asking to hang out.  This is the 4th time this has happened (different guys obvs) and friends have said the same thing happens with them. 

What gives? Why wait so long to get intouch? What are you hoping for?",ukeplant,AskMen
"Guys who cold message attractive women on social media, have you ever had anything meaningful come of it? What's your story?",,crabbix,AskMen
What makes you know that a girl is someone you want to be in commitment with ? Someone who you‚Äôd take serious and settle down with .,As a female in her early 20s I‚Äôve been curious on what makes a guy want to commit to a girl &amp; take her serious as opposed to just something physical based .,mystic99-,AskMen
"Men, how do you deal with morning wood when you don‚Äôt have the time or privacy to deal with it the usual way?",,zRage4,AskMen
"Approximately, what's the longest you've gone without masturbating?",,WillBBack,AskMen
"If you find out that a woman you are (non-exclusively) seeing is seeing other men, how does it make you feel?","Knowing that she is going on dates with other men, does that increase or decrease your level of interest in her? Does it impact the approach you take to dating her? (Or doesn‚Äôt affect it at all?)",asra_ivey,AskMen
How much does it matter to you if your gf isn't very sexy?,"You know how some women just have this sex appeal about them? I (F25) do not. I know it comes from self confidence but trying to act sexy makes me feel stupid. Naked except for heels. Lingerie. Stripping. I've willingly tried everything but felt awkward. I'm sure men can pick up on the embarrassment and could be a turn off.

In other aspects of life I'm confident overall. But the lack of sexiness makes me feel guilty for my bf and pleasing him. I'm convinced you either have it or you don't.",kyoto0,AskMen
"Men of Reddit, how would ya' feel having to share a public bathroom with the opposite gender?","A week or so ago I was at a restaurant where the women-only bathroom was undergoing some remodeling. Thus, the men bathroom was opened for sexes. It was super funny when I was in the stall doing my business &amp; a man &amp; woman walked in laughing about the situation. I waited for the guy to finish at the urinal so I could go out &amp; wash my hands (the other person entered a stall next to me). When I got out the guy was stunned to see another woman in there but we both laughed &amp; agreed it was awkward. Anyways, I knew there were gender-neutral bathrooms but that was my first time experiencing one. To me it was funny but I actually felt embarrassed doing my business, lol. Well, how would ya' feel? Would ya' feel uncomfortable?",pm_me_ur_cakerecipe,AskMen
"Men in there 20‚Äôs who have moved to a new city, what advice can you give me?","I have decided that in the beginning of April, I will buy a plane ticket, pack my bags, get my kitty a carry cage and move away. My mind right now is set on Vancouver but depending on how the borders are I was also thinking New York, but I‚Äôm open to going anywhere. In March I will receive a significant amount of money as an inheritance, so expenses will be covered, at least for a little bit. I guess my question is, what advice can you give me if you‚Äôve done the same or similar? I am also going to ask my estranged wife to join me, I don‚Äôt imagine she will, but it‚Äôs worth one last shot.",soggynoodlelasagna,AskMen
Is wrong to never pick up when work calls you on your day off?,"I like to think we‚Äôre entitled to have an day off, not to mention a fair schedule. I‚Äôve been told otherwise. Overall, if you‚Äôre a good worker, not picking up should matter. Shouldn‚Äôt affect how they schedule you either...",NuclearDsssarmament,AskMen
How do you deal with the feeling of become extremely comfortable being single?,"I feel I've started getting really comfortable being single and independent, because I've been that way for years, and have been managing things on my own quite well. I find myself thinking of any external presence as mostly affecting a  hard earned balance for the worse.

I've had this thought cross my mind a lot and even when I'm with people I genuinely like and I also find myself thinking that I may not want to pursue a relationship with someone I might have a crush on mostly because it affects this nice balance.

Wondering how y'all feel about this? I'm sure I'm overthinking a bit and that's something I need to work on - but I'm curious if anyone relates or has any advice on what kind of thought process worked well for them?",theonlybox,AskMen
Have you ever had a toxic male-male friendship? What was it like?,"Most non-men I know have had a toxic friendship before, and I know a number of guys who have had a non-male toxic friend. I‚Äôve rarely heard about situations where a guy realizes one of his guy friends is toxic and has to cut them out, though. 

Have any of you ever had an unhealthy friendship with another guy (be it that they were controlling, demanding, manipulative, what have you) and had to distance yourself from him? How did it look, and how did it turn out?",scooplodge,AskMen
What are some books that helped you during adulthood?,,throw-7888,AskMen
What‚Äôs a random non-sexual thing about women that turns you on?,,SluttyBrownieSlut,AskMen
How do you feel on hugging your partner when you did not grow up in an hugging environment?,"Curious for men that did not grow up in a childhood where hugging is a rare to non existence form of affection in the family. 

When you are with your current partner, have you ever feel the urge to start hugging your partner more, or you just hug them randomly when you feel like it? How do you overcome your partner request to give them more hug? Do you guys feel frustrated and annoyed or felt like it is a lot of effort for this request from your partner?",anonymous-person-123,AskMen
Why would my (24F) boyfriend (31M) be comfortable talking about our future kids but is uncomfortable talking about marriage?,"Been together a year and 9 months. Wants kids with me. Wants to start a joint investment to buy a house. Says I'm his ""forever"" and he's in it for the long haul. Says wedding talk is 'too early' though?? How does that make any sense?

His reasoning is it's too expensive. I said I don't want a big wedding. Just a small get together. And I also said I'm not buying a house with someone I'm not legally binded with.

By the way, I always wanted to be childfree until last year. I was distant in the beginning of our relationship. He's the one that brings up kids and forever. So I'm not pushing this stuff on him. Just curious as to why marriage would be an uncomfortable topic, but future children would not be? Lol",capo-22,AskMen
"Hello homies, how should a woman initiate sex?","          Hey there men of reddit, it is I a 22 year old female. I have horrendous anxiety and I have a fear of initiating sex and making things weird/really don‚Äôt know how to in the first place. In past relationships I‚Äôve been told it‚Äôs rare that I initiate sex, more importantly it‚Äôs happening in my current relationship and I want to fix it for everyone‚Äôs sake. It also stems from abuse in the past and the fact that every time I try to start things off I come across as an emotionally dead porn star which is just weird. 


          How do you guys like your current partners/past partner/whoever to start things off and show they‚Äôre in the mood? Sorry for the question and I‚Äôm embarrassed to even be asking since I should know this but any advice is appreciated, thank you!!",happysoybean,AskMen
How do I know when jock itch has fully gone away?,"I have been using some antifungal creams and powder to keep the area dry for like a week now. After a few days I instantly noticed a difference. The area stopped getting so dry and scaly like it used to before and I would say that about 50% if not a bit more of the skin is no longer red and is back to its normal color or at least close to it. 

There are still a few spots where my skin is still red but I dont really get itchy anymore, my skin doesnt dry up and get scaly like it used to, and like i mentioned, most of it is going back to its regular color. At this point do I still have jock itch? Or is it just the rash now that will go away with time. I still plan on using the antifungal cream for a few weeks regardless since you are supposed to once its gone but just wondering.",LazyPerception1,AskMen
My girlfriend and I just had a fight over something silly and we want to settle it with boxing and wrestling. What‚Äôs the best gear for this and do you have any advice?,,williamboy56,AskMen
What is the risk of asking for a raise too high? Do you have any stories of you failing to get a raise?,"Hi everyone. I will be asking for a raise next week and wondering what the worst that could happen is? I have never discussed salary so I am unsure of what to expect. I get paid way under the average person for my role while also getting above average amount of work done. I have proof of all the work I‚Äôve done and it is impressive. I have grown at a rate that definitely exceeds their expectations. 

What advice do you have for me?",SweatyShirtlessMan,AskMen
"Men, how do we become more of an ‚Äú adult ‚Äú ?",,mader619,AskMen
"Men, what was the most effort a girl had put in for you on a dating app?",,Quasar226,AskMen
What's the grossest thing you've found in your fast food?,"I had McDonalds about 2 months ago and felt rather good about allowing my cheat day to commence.
I remember my meal finally arriving to me through the drive-through. I ate my first double cheeseburger without any issues. I got a quarter of the way through my third burger and bit into something hard.
I used my fingers to pinch the tiny object off my tongue. Upon inspecting it, I realized what I had bitten into...
a human fingernail. It was as clear as day. Someone had deposited a clipped nail into my burger. It was flexible and had black spots on it. It was absolutely abhorrent. It was enough to make me want to vomit on the spot. The rest of my meal went directly into the trash bin. I haven't had junk food since.",OppositionMemorialCe,AskMen
Curious to what the general consensus is in regards to having friends with the opposite gender while in a relationship?,Definitely depends on a situation to situation basis for everyone that relies on the understanding between each person in a relationship. However I am still curious to see what everyone's opinion on the matter is.,Tokie778,AskMen
Men. How many t-shirts/undershirts do you own? How many pairs of socks do you own?,"I've been ""nesting"" because I'm 38 weeks and 5 days pregnant with our first baby, SOooO I washed and folded all of my husband's laundry. Not something I typically take on for this very reason:

I kid you not, the dude has 35 t-shirts/undershirts, and 30 pairs of socks.

Since we started dating in 2011 I've definitely trained him to ""purge"" things occasionally, but since it's relatively new to him (not a childhood chore like it was for me) it has been a slow process. Obviously.

I'm pretty sure this is still an astronomical number of these things. Note that the socks are 99% boot socks because of the type of work he does, so it's not as tho he has 10 pairs of work out socks, 10 boot socks, 10 dress socks...Just sayin'!",Starbr1ght,AskMen
"Men who like the girl to play hard to get, how do we do it? I literally just gave up on my crush n whaddya know, he's now blowing up my phone.","I'm ok with some head games. I guess it's natural but I'm always up front with my feelings if i like a guy. I compliment his work, brain, body.

I'm not against dating a guy who likes that chase in general but can you give me some things you like about it? I'm not into being bitchy but i just stopped responding as much and mentioned i was going to do a horror film project with a guy today in the local mountains. 

I want to make you feel that rush of chase/loss, but what would really get you turned on?",JessicaPartida,AskMen
[NSFW] How do I get over performance anxiety with my partner?,"When we first began in our relationship, me and my SO had a really great sex life. I would have no issues but then, We got into a pretty tight situation in terms of finance, comfort and other things that made life a living hell. Our romantic relationship has stayed the same, however, it was just that everything else really sucked. Due to that, I began to get really stressed and sex began to diminish bit by bit. One when we had sex almost every day, it became something of like once a week. Later it was like 1 every 10 days and so on. There would be days in which we tried to have sex and I didn‚Äôt feel it. I would not get an erection. There were times in which I would get it but I would lose it really fast. Other times my erection wasn‚Äôt strong enough. My partner understood that we were going through a rough time and we didn‚Äôt think of it at all. However, now that we are fine in terms of comfort and everything I am still blocked internally.  We are in a good position and I still don‚Äôt understand why is it that I am still like this. Now it is even worse because when we try to have sex, I immediately think of the times I couldn‚Äôt perform and that causes me anxiety and I can‚Äôt get it up. I don‚Äôt know what is wrong with me. I think that‚Äôs maybe I am still stressed",Berlin37,AskMen
"Straight men of reddit: if your girlfriend told you she has a fantasy of being a dom and pegging you, how would you react? Would you be open to it? Would you feel some type of way?",,gingerbreadlattee,AskMen
Men of reddit what is your most recent fuck up?,"Not sure if this is breaking AskMen standards if it is ill remove it immediately. With that being said: 

I Just fucked up my relationship so I kind of need to read some other stories of people fucking up.  You know share in the commissaries and all that.",Shrederjame,AskMen
Whats something you learnt about women that blew your mind?,,XMTScoins,AskMen
"Men, what does a mature relationship mean to you and is this type of relationship preferable? Explain your response",,TheChinchillaBird,AskMen
What's a time when you cried and it made you feel better?,,jurassicfool,AskMen
"Those of you with fully remote-able work, who want to return to working a full week in the office, why?",,MenuInternationale,AskMen
"[Serious] Those of you with fully remote-able work, who want to return to working a full week in the office, why?",,MenuInternationale,AskMen
"If race plays a role in your dating life, friendships, or relationships, what is the reason?","In my personal experience most women dont seem to care about race at all. I have not spoken with many guys, but I get the impression that race matters more to them in dating, relationships, etc. I'm curious, are men more race conscious than women, and why?",SnooPeppers2556,AskMen
"I worked out for an say 45 min intense, played basketball for an hour, wrote an exam for 3 hours and played basketball for another 1 hour. I'm so sore rn that my whole body hurts so bad. What do I do to get rid of this pain?","Fyi
I'm a 6'4 15 years old guy",BatfleckJLA,AskMen
"Men of reddit, do you care how your date's apartment look like when you come over for a hookup?","Hi, I am a recent grad who is still looking for a job so I don't live in the best part of town because of my financial situation. Plus, I have housemates. I want to start dating again, which might lead to \*sex\* if I am lucky. However, I am a little shy to invite guys over because of my living situation and I cannot afford a better place for now. I have a small room in a house with all the necessities. My room and bathroom are clean and comfy btw. I was wondering about your perspective on your date's living situation? Was it ever a turnoff?",kuroosbae,AskMen
I‚Äôm a 25(F) married to 29(M); how did your wife/SO finally find proof of infidelity?,"I have had the same gut feeling for a while now and despite desperate attempts to fix whatever issues arise, that feeling doesn‚Äôt ever leave completely. I have many reasons to believe there is something going on, and I just don‚Äôt know where to find that small piece of evidence that will give me my peace . Please share your stories and advice . Thank you!",anon846519654,AskMen
